campagne,date,jour,variable,groupe,valeur
2024-2025,2024-10-15,1,ACTE(VGP),65 ans et plus,146334
2024-2025,2024-10-15,1,DOSES(J07E1),65 ans et plus,341944
2024-2025,2024-10-15,1,ACTE(VGP),moins de 65 ans,44589
2024-2025,2024-10-15,1,DOSES(J07E1),moins de 65 ans,91436
2024-2025,2024-10-16,2,ACTE(VGP),65 ans et plus,115083
2024-2025,2024-10-16,2,DOSES(J07E1),65 ans et plus,255443
2024-2025,2024-10-16,2,ACTE(VGP),moins de 65 ans,34347
2024-2025,2024-10-16,2,DOSES(J07E1),moins de 65 ans,69248
2024-2025,2024-10-17,3,ACTE(VGP),65 ans et plus,110854
2024-2025,2024-10-17,3,DOSES(J07E1),65 ans et plus,233798
2024-2025,2024-10-17,3,ACTE(VGP),moins de 65 ans,30414
2024-2025,2024-10-17,3,DOSES(J07E1),moins de 65 ans,58682
2024-2025,2024-10-18,4,ACTE(VGP),65 ans et plus,109709
2024-2025,2024-10-18,4,DOSES(J07E1),65 ans et plus,224778
2024-2025,2024-10-18,4,ACTE(VGP),moins de 65 ans,34582
2024-2025,2024-10-18,4,DOSES(J07E1),moins de 65 ans,62795
2024-2025,2024-10-19,5,ACTE(VGP),65 ans et plus,31866
2024-2025,2024-10-19,5,DOSES(J07E1),65 ans et plus,86732
2024-2025,2024-10-19,5,ACTE(VGP),moins de 65 ans,19072
2024-2025,2024-10-19,5,DOSES(J07E1),moins de 65 ans,37235
2024-2025,2024-10-20,6,ACTE(VGP),65 ans et plus,396
2024-2025,2024-10-20,6,DOSES(J07E1),65 ans et plus,1551
2024-2025,2024-10-20,6,ACTE(VGP),moins de 65 ans,250
2024-2025,2024-10-20,6,DOSES(J07E1),moins de 65 ans,559
2024-2025,2024-10-21,7,ACTE(VGP),65 ans et plus,98966
2024-2025,2024-10-21,7,DOSES(J07E1),65 ans et plus,197652
2024-2025,2024-10-21,7,ACTE(VGP),moins de 65 ans,28323
2024-2025,2024-10-21,7,DOSES(J07E1),moins de 65 ans,53840
2024-2025,2024-10-22,8,ACTE(VGP),65 ans et plus,121847
2024-2025,2024-10-22,8,DOSES(J07E1),65 ans et plus,230897
2024-2025,2024-10-22,8,ACTE(VGP),moins de 65 ans,30945
2024-2025,2024-10-22,8,DOSES(J07E1),moins de 65 ans,56879
2024-2025,2024-10-23,9,ACTE(VGP),65 ans et plus,91773
2024-2025,2024-10-23,9,DOSES(J07E1),65 ans et plus,182718
2024-2025,2024-10-23,9,ACTE(VGP),moins de 65 ans,25787
2024-2025,2024-10-23,9,DOSES(J07E1),moins de 65 ans,49005
2024-2025,2024-10-24,10,ACTE(VGP),65 ans et plus,93236
2024-2025,2024-10-24,10,DOSES(J07E1),65 ans et plus,180034
2024-2025,2024-10-24,10,ACTE(VGP),moins de 65 ans,25277
2024-2025,2024-10-24,10,DOSES(J07E1),moins de 65 ans,47625
2024-2025,2024-10-25,11,ACTE(VGP),65 ans et plus,92645
2024-2025,2024-10-25,11,DOSES(J07E1),65 ans et plus,175682
2024-2025,2024-10-25,11,ACTE(VGP),moins de 65 ans,30962
2024-2025,2024-10-25,11,DOSES(J07E1),moins de 65 ans,54557
2024-2025,2024-10-26,12,ACTE(VGP),65 ans et plus,26970
2024-2025,2024-10-26,12,DOSES(J07E1),65 ans et plus,69793
2024-2025,2024-10-26,12,ACTE(VGP),moins de 65 ans,16784
2024-2025,2024-10-26,12,DOSES(J07E1),moins de 65 ans,31719
2024-2025,2024-10-27,13,ACTE(VGP),65 ans et plus,317
2024-2025,2024-10-27,13,DOSES(J07E1),65 ans et plus,1108
2024-2025,2024-10-27,13,ACTE(VGP),moins de 65 ans,202
2024-2025,2024-10-27,13,DOSES(J07E1),moins de 65 ans,423
2024-2025,2024-10-28,14,ACTE(VGP),65 ans et plus,97442
2024-2025,2024-10-28,14,DOSES(J07E1),65 ans et plus,183917
2024-2025,2024-10-28,14,ACTE(VGP),moins de 65 ans,28962
2024-2025,2024-10-28,14,DOSES(J07E1),moins de 65 ans,53895
2024-2025,2024-10-29,15,ACTE(VGP),65 ans et plus,116049
2024-2025,2024-10-29,15,DOSES(J07E1),65 ans et plus,209586
2024-2025,2024-10-29,15,ACTE(VGP),moins de 65 ans,31500
2024-2025,2024-10-29,15,DOSES(J07E1),moins de 65 ans,56023
2024-2025,2024-10-30,16,ACTE(VGP),65 ans et plus,89703
2024-2025,2024-10-30,16,DOSES(J07E1),65 ans et plus,171559
2024-2025,2024-10-30,16,ACTE(VGP),moins de 65 ans,27159
2024-2025,2024-10-30,16,DOSES(J07E1),moins de 65 ans,50491
2024-2025,2024-10-31,17,ACTE(VGP),65 ans et plus,92243
2024-2025,2024-10-31,17,DOSES(J07E1),65 ans et plus,170713
2024-2025,2024-10-31,17,ACTE(VGP),moins de 65 ans,30762
2024-2025,2024-10-31,17,DOSES(J07E1),moins de 65 ans,53897
2024-2025,2024-11-01,18,ACTE(VGP),65 ans et plus,618
2024-2025,2024-11-01,18,DOSES(J07E1),65 ans et plus,1864
2024-2025,2024-11-01,18,ACTE(VGP),moins de 65 ans,385
2024-2025,2024-11-01,18,DOSES(J07E1),moins de 65 ans,777
2024-2025,2024-11-02,19,ACTE(VGP),65 ans et plus,31433
2024-2025,2024-11-02,19,DOSES(J07E1),65 ans et plus,78009
2024-2025,2024-11-02,19,ACTE(VGP),moins de 65 ans,17888
2024-2025,2024-11-02,19,DOSES(J07E1),moins de 65 ans,33741
2024-2025,2024-11-03,20,ACTE(VGP),65 ans et plus,272
2024-2025,2024-11-03,20,DOSES(J07E1),65 ans et plus,694
2024-2025,2024-11-03,20,ACTE(VGP),moins de 65 ans,185
2024-2025,2024-11-03,20,DOSES(J07E1),moins de 65 ans,312
2024-2025,2024-11-04,21,ACTE(VGP),65 ans et plus,125505
2024-2025,2024-11-04,21,DOSES(J07E1),65 ans et plus,222190
2024-2025,2024-11-04,21,ACTE(VGP),moins de 65 ans,31148
2024-2025,2024-11-04,21,DOSES(J07E1),moins de 65 ans,56423
2024-2025,2024-11-05,22,ACTE(VGP),65 ans et plus,157029
2024-2025,2024-11-05,22,DOSES(J07E1),65 ans et plus,262013
2024-2025,2024-11-05,22,ACTE(VGP),moins de 65 ans,34311
2024-2025,2024-11-05,22,DOSES(J07E1),moins de 65 ans,61032
2024-2025,2024-11-06,23,ACTE(VGP),65 ans et plus,119631
2024-2025,2024-11-06,23,DOSES(J07E1),65 ans et plus,204412
2024-2025,2024-11-06,23,ACTE(VGP),moins de 65 ans,29642
2024-2025,2024-11-06,23,DOSES(J07E1),moins de 65 ans,53794
2024-2025,2024-11-07,24,ACTE(VGP),65 ans et plus,129837
2024-2025,2024-11-07,24,DOSES(J07E1),65 ans et plus,214453
2024-2025,2024-11-07,24,ACTE(VGP),moins de 65 ans,30268
2024-2025,2024-11-07,24,DOSES(J07E1),moins de 65 ans,53429
2024-2025,2024-11-08,25,ACTE(VGP),65 ans et plus,130518
2024-2025,2024-11-08,25,DOSES(J07E1),65 ans et plus,209961
2024-2025,2024-11-08,25,ACTE(VGP),moins de 65 ans,38389
2024-2025,2024-11-08,25,DOSES(J07E1),moins de 65 ans,62962
2024-2025,2024-11-09,26,ACTE(VGP),65 ans et plus,35262
2024-2025,2024-11-09,26,DOSES(J07E1),65 ans et plus,76950
2024-2025,2024-11-09,26,ACTE(VGP),moins de 65 ans,22305
2024-2025,2024-11-09,26,DOSES(J07E1),moins de 65 ans,39595
2024-2025,2024-11-10,27,ACTE(VGP),65 ans et plus,298
2024-2025,2024-11-10,27,DOSES(J07E1),65 ans et plus,1033
2024-2025,2024-11-10,27,ACTE(VGP),moins de 65 ans,238
2024-2025,2024-11-10,27,DOSES(J07E1),moins de 65 ans,497
2024-2025,2024-11-11,28,ACTE(VGP),65 ans et plus,681
2024-2025,2024-11-11,28,DOSES(J07E1),65 ans et plus,1632
2024-2025,2024-11-11,28,ACTE(VGP),moins de 65 ans,369
2024-2025,2024-11-11,28,DOSES(J07E1),moins de 65 ans,715
2024-2025,2024-11-12,29,ACTE(VGP),65 ans et plus,171854
2024-2025,2024-11-12,29,DOSES(J07E1),65 ans et plus,270807
2024-2025,2024-11-12,29,ACTE(VGP),moins de 65 ans,37041
2024-2025,2024-11-12,29,DOSES(J07E1),moins de 65 ans,63405
2024-2025,2024-11-13,30,ACTE(VGP),65 ans et plus,139972
2024-2025,2024-11-13,30,DOSES(J07E1),65 ans et plus,220083
2024-2025,2024-11-13,30,ACTE(VGP),moins de 65 ans,32282
2024-2025,2024-11-13,30,DOSES(J07E1),moins de 65 ans,56767
2024-2025,2024-11-14,31,ACTE(VGP),65 ans et plus,145403
2024-2025,2024-11-14,31,DOSES(J07E1),65 ans et plus,221578
2024-2025,2024-11-14,31,ACTE(VGP),moins de 65 ans,32075
2024-2025,2024-11-14,31,DOSES(J07E1),moins de 65 ans,54163
2024-2025,2024-11-15,32,ACTE(VGP),65 ans et plus,140714
2024-2025,2024-11-15,32,DOSES(J07E1),65 ans et plus,209196
2024-2025,2024-11-15,32,ACTE(VGP),moins de 65 ans,38595
2024-2025,2024-11-15,32,DOSES(J07E1),moins de 65 ans,61328
2024-2025,2024-11-16,33,ACTE(VGP),65 ans et plus,35611
2024-2025,2024-11-16,33,DOSES(J07E1),65 ans et plus,68433
2024-2025,2024-11-16,33,ACTE(VGP),moins de 65 ans,21404
2024-2025,2024-11-16,33,DOSES(J07E1),moins de 65 ans,37109
2024-2025,2024-11-17,34,ACTE(VGP),65 ans et plus,212
2024-2025,2024-11-17,34,DOSES(J07E1),65 ans et plus,554
2024-2025,2024-11-17,34,ACTE(VGP),moins de 65 ans,193
2024-2025,2024-11-17,34,DOSES(J07E1),moins de 65 ans,425
2024-2025,2024-11-18,35,ACTE(VGP),65 ans et plus,124035
2024-2025,2024-11-18,35,DOSES(J07E1),65 ans et plus,183173
2024-2025,2024-11-18,35,ACTE(VGP),moins de 65 ans,29612
2024-2025,2024-11-18,35,DOSES(J07E1),moins de 65 ans,49584
2024-2025,2024-11-19,36,ACTE(VGP),65 ans et plus,137240
2024-2025,2024-11-19,36,DOSES(J07E1),65 ans et plus,196775
2024-2025,2024-11-19,36,ACTE(VGP),moins de 65 ans,29923
2024-2025,2024-11-19,36,DOSES(J07E1),moins de 65 ans,49103
2024-2025,2024-11-20,37,ACTE(VGP),65 ans et plus,112235
2024-2025,2024-11-20,37,DOSES(J07E1),65 ans et plus,164260
2024-2025,2024-11-20,37,ACTE(VGP),moins de 65 ans,28696
2024-2025,2024-11-20,37,DOSES(J07E1),moins de 65 ans,47866
2024-2025,2024-11-21,38,ACTE(VGP),65 ans et plus,89737
2024-2025,2024-11-21,38,DOSES(J07E1),65 ans et plus,131390
2024-2025,2024-11-21,38,ACTE(VGP),moins de 65 ans,24223
2024-2025,2024-11-21,38,DOSES(J07E1),moins de 65 ans,39919
2024-2025,2024-11-22,39,ACTE(VGP),65 ans et plus,95503
2024-2025,2024-11-22,39,DOSES(J07E1),65 ans et plus,138277
2024-2025,2024-11-22,39,ACTE(VGP),moins de 65 ans,31206
2024-2025,2024-11-22,39,DOSES(J07E1),moins de 65 ans,48146
2024-2025,2024-11-23,40,ACTE(VGP),65 ans et plus,27265
2024-2025,2024-11-23,40,DOSES(J07E1),65 ans et plus,49025
2024-2025,2024-11-23,40,ACTE(VGP),moins de 65 ans,18461
2024-2025,2024-11-23,40,DOSES(J07E1),moins de 65 ans,30621
2024-2025,2024-11-24,41,ACTE(VGP),65 ans et plus,169
2024-2025,2024-11-24,41,DOSES(J07E1),65 ans et plus,352
2024-2025,2024-11-24,41,ACTE(VGP),moins de 65 ans,280
2024-2025,2024-11-24,41,DOSES(J07E1),moins de 65 ans,497
2024-2025,2024-11-25,42,ACTE(VGP),65 ans et plus,88069
2024-2025,2024-11-25,42,DOSES(J07E1),65 ans et plus,124967
2024-2025,2024-11-25,42,ACTE(VGP),moins de 65 ans,23751
2024-2025,2024-11-25,42,DOSES(J07E1),moins de 65 ans,38550
2024-2025,2024-11-26,43,ACTE(VGP),65 ans et plus,105205
2024-2025,2024-11-26,43,DOSES(J07E1),65 ans et plus,145384
2024-2025,2024-11-26,43,ACTE(VGP),moins de 65 ans,24108
2024-2025,2024-11-26,43,DOSES(J07E1),moins de 65 ans,39112
2024-2025,2024-11-27,44,ACTE(VGP),65 ans et plus,71564
2024-2025,2024-11-27,44,DOSES(J07E1),65 ans et plus,103064
2024-2025,2024-11-27,44,ACTE(VGP),moins de 65 ans,20752
2024-2025,2024-11-27,44,DOSES(J07E1),moins de 65 ans,34006
2024-2025,2024-11-28,45,ACTE(VGP),65 ans et plus,77904
2024-2025,2024-11-28,45,DOSES(J07E1),65 ans et plus,107901
2024-2025,2024-11-28,45,ACTE(VGP),moins de 65 ans,19804
2024-2025,2024-11-28,45,DOSES(J07E1),moins de 65 ans,32652
2024-2025,2024-11-29,46,ACTE(VGP),65 ans et plus,69976
2024-2025,2024-11-29,46,DOSES(J07E1),65 ans et plus,96897
2024-2025,2024-11-29,46,ACTE(VGP),moins de 65 ans,23758
2024-2025,2024-11-29,46,DOSES(J07E1),moins de 65 ans,36245
2024-2025,2024-11-30,47,ACTE(VGP),65 ans et plus,19081
2024-2025,2024-11-30,47,DOSES(J07E1),65 ans et plus,32920
2024-2025,2024-11-30,47,ACTE(VGP),moins de 65 ans,13478
2024-2025,2024-11-30,47,DOSES(J07E1),moins de 65 ans,22506
2024-2025,2024-12-01,48,ACTE(VGP),65 ans et plus,311
2024-2025,2024-12-01,48,DOSES(J07E1),65 ans et plus,492
2024-2025,2024-12-01,48,ACTE(VGP),moins de 65 ans,228
2024-2025,2024-12-01,48,DOSES(J07E1),moins de 65 ans,443
2024-2025,2024-12-02,49,ACTE(VGP),65 ans et plus,61894
2024-2025,2024-12-02,49,DOSES(J07E1),65 ans et plus,84249
2024-2025,2024-12-02,49,ACTE(VGP),moins de 65 ans,18342
2024-2025,2024-12-02,49,DOSES(J07E1),moins de 65 ans,28930
2024-2025,2024-12-03,50,ACTE(VGP),65 ans et plus,70670
2024-2025,2024-12-03,50,DOSES(J07E1),65 ans et plus,94997
2024-2025,2024-12-03,50,ACTE(VGP),moins de 65 ans,19193
2024-2025,2024-12-03,50,DOSES(J07E1),moins de 65 ans,29999
2024-2025,2024-12-04,51,ACTE(VGP),65 ans et plus,51358
2024-2025,2024-12-04,51,DOSES(J07E1),65 ans et plus,71796
2024-2025,2024-12-04,51,ACTE(VGP),moins de 65 ans,16626
2024-2025,2024-12-04,51,DOSES(J07E1),moins de 65 ans,26682
2024-2025,2024-12-05,52,ACTE(VGP),65 ans et plus,57999
2024-2025,2024-12-05,52,DOSES(J07E1),65 ans et plus,77707
2024-2025,2024-12-05,52,ACTE(VGP),moins de 65 ans,18041
2024-2025,2024-12-05,52,DOSES(J07E1),moins de 65 ans,28097
2024-2025,2024-12-06,53,ACTE(VGP),65 ans et plus,64257
2024-2025,2024-12-06,53,DOSES(J07E1),65 ans et plus,84020
2024-2025,2024-12-06,53,ACTE(VGP),moins de 65 ans,22473
2024-2025,2024-12-06,53,DOSES(J07E1),moins de 65 ans,32631
2024-2025,2024-12-07,54,ACTE(VGP),65 ans et plus,16828
2024-2025,2024-12-07,54,DOSES(J07E1),65 ans et plus,26363
2024-2025,2024-12-07,54,ACTE(VGP),moins de 65 ans,13734
2024-2025,2024-12-07,54,DOSES(J07E1),moins de 65 ans,20474
2024-2025,2024-12-08,55,ACTE(VGP),65 ans et plus,117
2024-2025,2024-12-08,55,DOSES(J07E1),65 ans et plus,138
2024-2025,2024-12-08,55,ACTE(VGP),moins de 65 ans,223
2024-2025,2024-12-08,55,DOSES(J07E1),moins de 65 ans,344
2024-2025,2024-12-09,56,ACTE(VGP),65 ans et plus,52025
2024-2025,2024-12-09,56,DOSES(J07E1),65 ans et plus,69465
2024-2025,2024-12-09,56,ACTE(VGP),moins de 65 ans,17639
2024-2025,2024-12-09,56,DOSES(J07E1),moins de 65 ans,26429
2024-2025,2024-12-10,57,ACTE(VGP),65 ans et plus,58186
2024-2025,2024-12-10,57,DOSES(J07E1),65 ans et plus,76673
2024-2025,2024-12-10,57,ACTE(VGP),moins de 65 ans,17887
2024-2025,2024-12-10,57,DOSES(J07E1),moins de 65 ans,26913
2024-2025,2024-12-11,58,ACTE(VGP),65 ans et plus,43167
2024-2025,2024-12-11,58,DOSES(J07E1),65 ans et plus,57984
2024-2025,2024-12-11,58,ACTE(VGP),moins de 65 ans,16199
2024-2025,2024-12-11,58,DOSES(J07E1),moins de 65 ans,24708
2024-2025,2024-12-12,59,ACTE(VGP),65 ans et plus,43518
2024-2025,2024-12-12,59,DOSES(J07E1),65 ans et plus,57749
2024-2025,2024-12-12,59,ACTE(VGP),moins de 65 ans,15079
2024-2025,2024-12-12,59,DOSES(J07E1),moins de 65 ans,22797
2024-2025,2024-12-13,60,ACTE(VGP),65 ans et plus,42840
2024-2025,2024-12-13,60,DOSES(J07E1),65 ans et plus,56263
2024-2025,2024-12-13,60,ACTE(VGP),moins de 65 ans,18487
2024-2025,2024-12-13,60,DOSES(J07E1),moins de 65 ans,26394
2024-2025,2024-12-14,61,ACTE(VGP),65 ans et plus,16144
2024-2025,2024-12-14,61,DOSES(J07E1),65 ans et plus,23331
2024-2025,2024-12-14,61,ACTE(VGP),moins de 65 ans,13007
2024-2025,2024-12-14,61,DOSES(J07E1),moins de 65 ans,18696
2024-2025,2024-12-15,62,ACTE(VGP),65 ans et plus,130
2024-2025,2024-12-15,62,DOSES(J07E1),65 ans et plus,173
2024-2025,2024-12-15,62,ACTE(VGP),moins de 65 ans,158
2024-2025,2024-12-15,62,DOSES(J07E1),moins de 65 ans,267
2024-2025,2024-12-16,63,ACTE(VGP),65 ans et plus,36943
2024-2025,2024-12-16,63,DOSES(J07E1),65 ans et plus,47355
2024-2025,2024-12-16,63,ACTE(VGP),moins de 65 ans,14713
2024-2025,2024-12-16,63,DOSES(J07E1),moins de 65 ans,21862
2024-2025,2024-12-17,64,ACTE(VGP),65 ans et plus,36200
2024-2025,2024-12-17,64,DOSES(J07E1),65 ans et plus,47018
2024-2025,2024-12-17,64,ACTE(VGP),moins de 65 ans,14431
2024-2025,2024-12-17,64,DOSES(J07E1),moins de 65 ans,21087
2024-2025,2024-12-18,65,ACTE(VGP),65 ans et plus,25389
2024-2025,2024-12-18,65,DOSES(J07E1),65 ans et plus,33531
2024-2025,2024-12-18,65,ACTE(VGP),moins de 65 ans,12358
2024-2025,2024-12-18,65,DOSES(J07E1),moins de 65 ans,18387
2024-2025,2024-12-19,66,ACTE(VGP),65 ans et plus,26137
2024-2025,2024-12-19,66,DOSES(J07E1),65 ans et plus,34301
2024-2025,2024-12-19,66,ACTE(VGP),moins de 65 ans,11277
2024-2025,2024-12-19,66,DOSES(J07E1),moins de 65 ans,16840
2024-2025,2024-12-20,67,ACTE(VGP),65 ans et plus,24615
2024-2025,2024-12-20,67,DOSES(J07E1),65 ans et plus,32141
2024-2025,2024-12-20,67,ACTE(VGP),moins de 65 ans,13160
2024-2025,2024-12-20,67,DOSES(J07E1),moins de 65 ans,18875
2024-2025,2024-12-21,68,ACTE(VGP),65 ans et plus,8111
2024-2025,2024-12-21,68,DOSES(J07E1),65 ans et plus,11538
2024-2025,2024-12-21,68,ACTE(VGP),moins de 65 ans,7705
2024-2025,2024-12-21,68,DOSES(J07E1),moins de 65 ans,11140
2024-2025,2024-12-22,69,ACTE(VGP),65 ans et plus,84
2024-2025,2024-12-22,69,DOSES(J07E1),65 ans et plus,87
2024-2025,2024-12-22,69,ACTE(VGP),moins de 65 ans,99
2024-2025,2024-12-22,69,DOSES(J07E1),moins de 65 ans,247
2024-2025,2024-12-23,70,ACTE(VGP),65 ans et plus,9667
2024-2025,2024-12-23,70,DOSES(J07E1),65 ans et plus,13663
2024-2025,2024-12-23,70,ACTE(VGP),moins de 65 ans,7066
2024-2025,2024-12-23,70,DOSES(J07E1),moins de 65 ans,11161
2024-2025,2024-12-24,71,ACTE(VGP),65 ans et plus,3747
2024-2025,2024-12-24,71,DOSES(J07E1),65 ans et plus,6668
2024-2025,2024-12-24,71,ACTE(VGP),moins de 65 ans,2947
2024-2025,2024-12-24,71,DOSES(J07E1),moins de 65 ans,5524
2024-2025,2024-12-25,72,ACTE(VGP),65 ans et plus,19
2024-2025,2024-12-25,72,DOSES(J07E1),65 ans et plus,44
2024-2025,2024-12-25,72,ACTE(VGP),moins de 65 ans,46
2024-2025,2024-12-25,72,DOSES(J07E1),moins de 65 ans,60
2024-2025,2024-12-26,73,ACTE(VGP),65 ans et plus,7243
2024-2025,2024-12-26,73,DOSES(J07E1),65 ans et plus,10456
2024-2025,2024-12-26,73,ACTE(VGP),moins de 65 ans,5271
2024-2025,2024-12-26,73,DOSES(J07E1),moins de 65 ans,7941
2024-2025,2024-12-27,74,ACTE(VGP),65 ans et plus,19593
2024-2025,2024-12-27,74,DOSES(J07E1),65 ans et plus,24893
2024-2025,2024-12-27,74,ACTE(VGP),moins de 65 ans,9549
2024-2025,2024-12-27,74,DOSES(J07E1),moins de 65 ans,13271
2024-2025,2024-12-28,75,ACTE(VGP),65 ans et plus,18461
2024-2025,2024-12-28,75,DOSES(J07E1),65 ans et plus,24737
2024-2025,2024-12-28,75,ACTE(VGP),moins de 65 ans,10646
2024-2025,2024-12-28,75,DOSES(J07E1),moins de 65 ans,14765
2024-2025,2024-12-29,76,ACTE(VGP),65 ans et plus,65
2024-2025,2024-12-29,76,DOSES(J07E1),65 ans et plus,146
2024-2025,2024-12-29,76,ACTE(VGP),moins de 65 ans,79
2024-2025,2024-12-29,76,DOSES(J07E1),moins de 65 ans,150
2024-2025,2024-12-30,77,ACTE(VGP),65 ans et plus,16941
2024-2025,2024-12-30,77,DOSES(J07E1),65 ans et plus,22866
2024-2025,2024-12-30,77,ACTE(VGP),moins de 65 ans,9898
2024-2025,2024-12-30,77,DOSES(J07E1),moins de 65 ans,14216
2024-2025,2024-12-31,78,ACTE(VGP),65 ans et plus,7189
2024-2025,2024-12-31,78,DOSES(J07E1),65 ans et plus,11288
2024-2025,2024-12-31,78,ACTE(VGP),moins de 65 ans,4990
2024-2025,2024-12-31,78,DOSES(J07E1),moins de 65 ans,8242
2024-2025,2025-01-01,79,ACTE(VGP),65 ans et plus,26
2024-2025,2025-01-01,79,DOSES(J07E1),65 ans et plus,50
2024-2025,2025-01-01,79,ACTE(VGP),moins de 65 ans,40
2024-2025,2025-01-01,79,DOSES(J07E1),moins de 65 ans,70
2024-2025,2025-01-02,80,ACTE(VGP),65 ans et plus,10765
2024-2025,2025-01-02,80,DOSES(J07E1),65 ans et plus,14450
2024-2025,2025-01-02,80,ACTE(VGP),moins de 65 ans,7253
2024-2025,2025-01-02,80,DOSES(J07E1),moins de 65 ans,10295
2024-2025,2025-01-03,81,ACTE(VGP),65 ans et plus,17282
2024-2025,2025-01-03,81,DOSES(J07E1),65 ans et plus,22213
2024-2025,2025-01-03,81,ACTE(VGP),moins de 65 ans,10200
2024-2025,2025-01-03,81,DOSES(J07E1),moins de 65 ans,13812
2024-2025,2025-01-04,82,ACTE(VGP),65 ans et plus,10044
2024-2025,2025-01-04,82,DOSES(J07E1),65 ans et plus,13555
2024-2025,2025-01-04,82,ACTE(VGP),moins de 65 ans,8422
2024-2025,2025-01-04,82,DOSES(J07E1),moins de 65 ans,11484
2024-2025,2025-01-05,83,ACTE(VGP),65 ans et plus,56
2024-2025,2025-01-05,83,DOSES(J07E1),65 ans et plus,109
2024-2025,2025-01-05,83,ACTE(VGP),moins de 65 ans,118
2024-2025,2025-01-05,83,DOSES(J07E1),moins de 65 ans,189
2024-2025,2025-01-06,84,ACTE(VGP),65 ans et plus,17489
2024-2025,2025-01-06,84,DOSES(J07E1),65 ans et plus,22501
2024-2025,2025-01-06,84,ACTE(VGP),moins de 65 ans,10044
2024-2025,2025-01-06,84,DOSES(J07E1),moins de 65 ans,13993
2024-2025,2025-01-07,85,ACTE(VGP),65 ans et plus,22556
2024-2025,2025-01-07,85,DOSES(J07E1),65 ans et plus,28231
2024-2025,2025-01-07,85,ACTE(VGP),moins de 65 ans,11586
2024-2025,2025-01-07,85,DOSES(J07E1),moins de 65 ans,15829
2024-2025,2025-01-08,86,ACTE(VGP),65 ans et plus,16329
2024-2025,2025-01-08,86,DOSES(J07E1),65 ans et plus,20845
2024-2025,2025-01-08,86,ACTE(VGP),moins de 65 ans,10815
2024-2025,2025-01-08,86,DOSES(J07E1),moins de 65 ans,14899
2024-2025,2025-01-09,87,ACTE(VGP),65 ans et plus,19830
2024-2025,2025-01-09,87,DOSES(J07E1),65 ans et plus,25008
2024-2025,2025-01-09,87,ACTE(VGP),moins de 65 ans,11460
2024-2025,2025-01-09,87,DOSES(J07E1),moins de 65 ans,15995
2024-2025,2025-01-10,88,ACTE(VGP),65 ans et plus,26008
2024-2025,2025-01-10,88,DOSES(J07E1),65 ans et plus,32042
2024-2025,2025-01-10,88,ACTE(VGP),moins de 65 ans,16894
2024-2025,2025-01-10,88,DOSES(J07E1),moins de 65 ans,22424
2024-2025,2025-01-11,89,ACTE(VGP),65 ans et plus,14440
2024-2025,2025-01-11,89,DOSES(J07E1),65 ans et plus,18717
2024-2025,2025-01-11,89,ACTE(VGP),moins de 65 ans,13934
2024-2025,2025-01-11,89,DOSES(J07E1),moins de 65 ans,18658
2024-2025,2025-01-12,90,ACTE(VGP),65 ans et plus,129
2024-2025,2025-01-12,90,DOSES(J07E1),65 ans et plus,193
2024-2025,2025-01-12,90,ACTE(VGP),moins de 65 ans,209
2024-2025,2025-01-12,90,DOSES(J07E1),moins de 65 ans,353
2024-2025,2025-01-13,91,ACTE(VGP),65 ans et plus,18642
2024-2025,2025-01-13,91,DOSES(J07E1),65 ans et plus,23393
2024-2025,2025-01-13,91,ACTE(VGP),moins de 65 ans,12268
2024-2025,2025-01-13,91,DOSES(J07E1),moins de 65 ans,16254
2024-2025,2025-01-14,92,ACTE(VGP),65 ans et plus,14303
2024-2025,2025-01-14,92,DOSES(J07E1),65 ans et plus,18209
2024-2025,2025-01-14,92,ACTE(VGP),moins de 65 ans,9571
2024-2025,2025-01-14,92,DOSES(J07E1),moins de 65 ans,13115
2024-2025,2025-01-15,93,ACTE(VGP),65 ans et plus,10817
2024-2025,2025-01-15,93,DOSES(J07E1),65 ans et plus,14160
2024-2025,2025-01-15,93,ACTE(VGP),moins de 65 ans,8495
2024-2025,2025-01-15,93,DOSES(J07E1),moins de 65 ans,11719
2024-2025,2025-01-16,94,ACTE(VGP),65 ans et plus,10742
2024-2025,2025-01-16,94,DOSES(J07E1),65 ans et plus,14033
2024-2025,2025-01-16,94,ACTE(VGP),moins de 65 ans,7225
2024-2025,2025-01-16,94,DOSES(J07E1),moins de 65 ans,10186
2024-2025,2025-01-17,95,ACTE(VGP),65 ans et plus,14836
2024-2025,2025-01-17,95,DOSES(J07E1),65 ans et plus,18622
2024-2025,2025-01-17,95,ACTE(VGP),moins de 65 ans,9732
2024-2025,2025-01-17,95,DOSES(J07E1),moins de 65 ans,12707
2024-2025,2025-01-18,96,ACTE(VGP),65 ans et plus,9253
2024-2025,2025-01-18,96,DOSES(J07E1),65 ans et plus,12037
2024-2025,2025-01-18,96,ACTE(VGP),moins de 65 ans,8427
2024-2025,2025-01-18,96,DOSES(J07E1),moins de 65 ans,11144
2024-2025,2025-01-19,97,ACTE(VGP),65 ans et plus,63
2024-2025,2025-01-19,97,DOSES(J07E1),65 ans et plus,109
2024-2025,2025-01-19,97,ACTE(VGP),moins de 65 ans,90
2024-2025,2025-01-19,97,DOSES(J07E1),moins de 65 ans,182
2024-2025,2025-01-20,98,ACTE(VGP),65 ans et plus,11630
2024-2025,2025-01-20,98,DOSES(J07E1),65 ans et plus,14352
2024-2025,2025-01-20,98,ACTE(VGP),moins de 65 ans,7468
2024-2025,2025-01-20,98,DOSES(J07E1),moins de 65 ans,9843
2024-2025,2025-01-21,99,ACTE(VGP),65 ans et plus,7932
2024-2025,2025-01-21,99,DOSES(J07E1),65 ans et plus,10779
2024-2025,2025-01-21,99,ACTE(VGP),moins de 65 ans,5543
2024-2025,2025-01-21,99,DOSES(J07E1),moins de 65 ans,7879
2024-2025,2025-01-22,100,ACTE(VGP),65 ans et plus,7273
2024-2025,2025-01-22,100,DOSES(J07E1),65 ans et plus,9706
2024-2025,2025-01-22,100,ACTE(VGP),moins de 65 ans,5483
2024-2025,2025-01-22,100,DOSES(J07E1),moins de 65 ans,7822
2024-2025,2025-01-23,101,ACTE(VGP),65 ans et plus,13070
2024-2025,2025-01-23,101,DOSES(J07E1),65 ans et plus,16776
2024-2025,2025-01-23,101,ACTE(VGP),moins de 65 ans,8400
2024-2025,2025-01-23,101,DOSES(J07E1),moins de 65 ans,11472
2024-2025,2025-01-24,102,ACTE(VGP),65 ans et plus,10018
2024-2025,2025-01-24,102,DOSES(J07E1),65 ans et plus,12851
2024-2025,2025-01-24,102,ACTE(VGP),moins de 65 ans,7699
2024-2025,2025-01-24,102,DOSES(J07E1),moins de 65 ans,10337
2024-2025,2025-01-25,103,ACTE(VGP),65 ans et plus,3580
2024-2025,2025-01-25,103,DOSES(J07E1),65 ans et plus,4661
2024-2025,2025-01-25,103,ACTE(VGP),moins de 65 ans,4794
2024-2025,2025-01-25,103,DOSES(J07E1),moins de 65 ans,6100
2024-2025,2025-01-26,104,ACTE(VGP),65 ans et plus,51
2024-2025,2025-01-26,104,DOSES(J07E1),65 ans et plus,55
2024-2025,2025-01-26,104,ACTE(VGP),moins de 65 ans,89
2024-2025,2025-01-26,104,DOSES(J07E1),moins de 65 ans,113
2024-2025,2025-01-27,105,ACTE(VGP),65 ans et plus,4684
2024-2025,2025-01-27,105,DOSES(J07E1),65 ans et plus,5923
2024-2025,2025-01-27,105,ACTE(VGP),moins de 65 ans,4197
2024-2025,2025-01-27,105,DOSES(J07E1),moins de 65 ans,5569
2024-2025,2025-01-28,106,ACTE(VGP),65 ans et plus,4024
2024-2025,2025-01-28,106,DOSES(J07E1),65 ans et plus,5271
2024-2025,2025-01-28,106,ACTE(VGP),moins de 65 ans,3625
2024-2025,2025-01-28,106,DOSES(J07E1),moins de 65 ans,5324
2024-2025,2025-01-29,107,ACTE(VGP),65 ans et plus,3798
2024-2025,2025-01-29,107,DOSES(J07E1),65 ans et plus,4504
2024-2025,2025-01-29,107,ACTE(VGP),moins de 65 ans,3745
2024-2025,2025-01-29,107,DOSES(J07E1),moins de 65 ans,5138
2024-2025,2025-01-30,108,ACTE(VGP),65 ans et plus,4604
2024-2025,2025-01-30,108,DOSES(J07E1),65 ans et plus,5718
2024-2025,2025-01-30,108,ACTE(VGP),moins de 65 ans,4034
2024-2025,2025-01-30,108,DOSES(J07E1),moins de 65 ans,5590
2024-2025,2025-01-31,109,ACTE(VGP),65 ans et plus,4209
2024-2025,2025-01-31,109,DOSES(J07E1),65 ans et plus,5246
2024-2025,2025-01-31,109,ACTE(VGP),moins de 65 ans,4288
2024-2025,2025-01-31,109,DOSES(J07E1),moins de 65 ans,5861
2024-2025,2025-02-01,110,ACTE(VGP),65 ans et plus,1412
2024-2025,2025-02-01,110,DOSES(J07E1),65 ans et plus,1945
2024-2025,2025-02-01,110,ACTE(VGP),moins de 65 ans,2317
2024-2025,2025-02-01,110,DOSES(J07E1),moins de 65 ans,3046
2024-2025,2025-02-02,111,ACTE(VGP),65 ans et plus,17
2024-2025,2025-02-02,111,DOSES(J07E1),65 ans et plus,22
2024-2025,2025-02-02,111,ACTE(VGP),moins de 65 ans,34
2024-2025,2025-02-02,111,DOSES(J07E1),moins de 65 ans,79
2024-2025,2025-02-03,112,ACTE(VGP),65 ans et plus,2073
2024-2025,2025-02-03,112,DOSES(J07E1),65 ans et plus,2386
2024-2025,2025-02-03,112,ACTE(VGP),moins de 65 ans,2508
2024-2025,2025-02-03,112,DOSES(J07E1),moins de 65 ans,3238
2024-2025,2025-02-04,113,ACTE(VGP),65 ans et plus,1863
2024-2025,2025-02-04,113,DOSES(J07E1),65 ans et plus,2143
2024-2025,2025-02-04,113,ACTE(VGP),moins de 65 ans,2142
2024-2025,2025-02-04,113,DOSES(J07E1),moins de 65 ans,2730
2024-2025,2025-02-05,114,ACTE(VGP),65 ans et plus,1315
2024-2025,2025-02-05,114,DOSES(J07E1),65 ans et plus,1559
2024-2025,2025-02-05,114,ACTE(VGP),moins de 65 ans,1533
2024-2025,2025-02-05,114,DOSES(J07E1),moins de 65 ans,2276
2024-2025,2025-02-06,115,ACTE(VGP),65 ans et plus,1329
2024-2025,2025-02-06,115,DOSES(J07E1),65 ans et plus,1443
2024-2025,2025-02-06,115,ACTE(VGP),moins de 65 ans,1338
2024-2025,2025-02-06,115,DOSES(J07E1),moins de 65 ans,1972
2024-2025,2025-02-07,116,ACTE(VGP),65 ans et plus,1144
2024-2025,2025-02-07,116,DOSES(J07E1),65 ans et plus,1293
2024-2025,2025-02-07,116,ACTE(VGP),moins de 65 ans,1506
2024-2025,2025-02-07,116,DOSES(J07E1),moins de 65 ans,2028
2024-2025,2025-02-08,117,ACTE(VGP),65 ans et plus,551
2024-2025,2025-02-08,117,DOSES(J07E1),65 ans et plus,730
2024-2025,2025-02-08,117,ACTE(VGP),moins de 65 ans,870
2024-2025,2025-02-08,117,DOSES(J07E1),moins de 65 ans,1335
2024-2025,2025-02-09,118,ACTE(VGP),65 ans et plus,2
2024-2025,2025-02-09,118,DOSES(J07E1),65 ans et plus,14
2024-2025,2025-02-09,118,ACTE(VGP),moins de 65 ans,32
2024-2025,2025-02-09,118,DOSES(J07E1),moins de 65 ans,50
2024-2025,2025-02-10,119,ACTE(VGP),65 ans et plus,864
2024-2025,2025-02-10,119,DOSES(J07E1),65 ans et plus,933
2024-2025,2025-02-10,119,ACTE(VGP),moins de 65 ans,988
2024-2025,2025-02-10,119,DOSES(J07E1),moins de 65 ans,1339
2024-2025,2025-02-11,120,ACTE(VGP),65 ans et plus,905
2024-2025,2025-02-11,120,DOSES(J07E1),65 ans et plus,986
2024-2025,2025-02-11,120,ACTE(VGP),moins de 65 ans,1002
2024-2025,2025-02-11,120,DOSES(J07E1),moins de 65 ans,1386
2024-2025,2025-02-12,121,ACTE(VGP),65 ans et plus,658
2024-2025,2025-02-12,121,DOSES(J07E1),65 ans et plus,711
2024-2025,2025-02-12,121,ACTE(VGP),moins de 65 ans,935
2024-2025,2025-02-12,121,DOSES(J07E1),moins de 65 ans,1204
2024-2025,2025-02-13,122,ACTE(VGP),65 ans et plus,612
2024-2025,2025-02-13,122,DOSES(J07E1),65 ans et plus,711
2024-2025,2025-02-13,122,ACTE(VGP),moins de 65 ans,854
2024-2025,2025-02-13,122,DOSES(J07E1),moins de 65 ans,1116
2024-2025,2025-02-14,123,ACTE(VGP),65 ans et plus,598
2024-2025,2025-02-14,123,DOSES(J07E1),65 ans et plus,585
2024-2025,2025-02-14,123,ACTE(VGP),moins de 65 ans,742
2024-2025,2025-02-14,123,DOSES(J07E1),moins de 65 ans,1030
2024-2025,2025-02-15,124,ACTE(VGP),65 ans et plus,260
2024-2025,2025-02-15,124,DOSES(J07E1),65 ans et plus,231
2024-2025,2025-02-15,124,ACTE(VGP),moins de 65 ans,499
2024-2025,2025-02-15,124,DOSES(J07E1),moins de 65 ans,736
2024-2025,2025-02-16,125,ACTE(VGP),65 ans et plus,52
2024-2025,2025-02-16,125,DOSES(J07E1),65 ans et plus,32
2024-2025,2025-02-16,125,ACTE(VGP),moins de 65 ans,18
2024-2025,2025-02-16,125,DOSES(J07E1),moins de 65 ans,18
2024-2025,2025-02-17,126,ACTE(VGP),65 ans et plus,453
2024-2025,2025-02-17,126,DOSES(J07E1),65 ans et plus,478
2024-2025,2025-02-17,126,ACTE(VGP),moins de 65 ans,580
2024-2025,2025-02-17,126,DOSES(J07E1),moins de 65 ans,729
2024-2025,2025-02-18,127,ACTE(VGP),65 ans et plus,554
2024-2025,2025-02-18,127,DOSES(J07E1),65 ans et plus,564
2024-2025,2025-02-18,127,ACTE(VGP),moins de 65 ans,551
2024-2025,2025-02-18,127,DOSES(J07E1),moins de 65 ans,656
2024-2025,2025-02-19,128,ACTE(VGP),65 ans et plus,387
2024-2025,2025-02-19,128,DOSES(J07E1),65 ans et plus,417
2024-2025,2025-02-19,128,ACTE(VGP),moins de 65 ans,427
2024-2025,2025-02-19,128,DOSES(J07E1),moins de 65 ans,613
2024-2025,2025-02-20,129,ACTE(VGP),65 ans et plus,418
2024-2025,2025-02-20,129,DOSES(J07E1),65 ans et plus,376
2024-2025,2025-02-20,129,ACTE(VGP),moins de 65 ans,477
2024-2025,2025-02-20,129,DOSES(J07E1),moins de 65 ans,600
2024-2025,2025-02-21,130,ACTE(VGP),65 ans et plus,406
2024-2025,2025-02-21,130,DOSES(J07E1),65 ans et plus,446
2024-2025,2025-02-21,130,ACTE(VGP),moins de 65 ans,471
2024-2025,2025-02-21,130,DOSES(J07E1),moins de 65 ans,550
2024-2025,2025-02-22,131,ACTE(VGP),65 ans et plus,129
2024-2025,2025-02-22,131,DOSES(J07E1),65 ans et plus,137
2024-2025,2025-02-22,131,ACTE(VGP),moins de 65 ans,338
2024-2025,2025-02-22,131,DOSES(J07E1),moins de 65 ans,387
2024-2025,2025-02-23,132,ACTE(VGP),65 ans et plus,3
2024-2025,2025-02-23,132,DOSES(J07E1),65 ans et plus,7
2024-2025,2025-02-23,132,ACTE(VGP),moins de 65 ans,6
2024-2025,2025-02-23,132,DOSES(J07E1),moins de 65 ans,20
2024-2025,2025-02-24,133,ACTE(VGP),65 ans et plus,412
2024-2025,2025-02-24,133,DOSES(J07E1),65 ans et plus,400
2024-2025,2025-02-24,133,ACTE(VGP),moins de 65 ans,451
2024-2025,2025-02-24,133,DOSES(J07E1),moins de 65 ans,877
2024-2025,2025-02-25,134,ACTE(VGP),65 ans et plus,362
2024-2025,2025-02-25,134,DOSES(J07E1),65 ans et plus,403
2024-2025,2025-02-25,134,ACTE(VGP),moins de 65 ans,460
2024-2025,2025-02-25,134,DOSES(J07E1),moins de 65 ans,542
2024-2025,2025-02-26,135,ACTE(VGP),65 ans et plus,325
2024-2025,2025-02-26,135,DOSES(J07E1),65 ans et plus,309
2024-2025,2025-02-26,135,ACTE(VGP),moins de 65 ans,356
2024-2025,2025-02-26,135,DOSES(J07E1),moins de 65 ans,821
2024-2025,2025-02-27,136,ACTE(VGP),65 ans et plus,360
2024-2025,2025-02-27,136,DOSES(J07E1),65 ans et plus,373
2024-2025,2025-02-27,136,ACTE(VGP),moins de 65 ans,504
2024-2025,2025-02-27,136,DOSES(J07E1),moins de 65 ans,702
2024-2025,2025-02-28,137,ACTE(VGP),65 ans et plus,321
2024-2025,2025-02-28,137,DOSES(J07E1),65 ans et plus,693
2024-2025,2025-02-28,137,ACTE(VGP),moins de 65 ans,417
2024-2025,2025-02-28,137,DOSES(J07E1),moins de 65 ans,738
2025-2026,2025-10-14,1,ACTE(VGP),65 ans et plus,195419
2025-2026,2025-10-14,1,DOSES(J07E1),65 ans et plus,379574
2025-2026,2025-10-14,1,ACTE(VGP),moins de 65 ans,62440
2025-2026,2025-10-14,1,DOSES(J07E1),moins de 65 ans,109077
2025-2026,2025-10-15,2,ACTE(VGP),65 ans et plus,187415
2025-2026,2025-10-15,2,DOSES(J07E1),65 ans et plus,343213
2025-2026,2025-10-15,2,ACTE(VGP),moins de 65 ans,58644
2025-2026,2025-10-15,2,DOSES(J07E1),moins de 65 ans,100143
2025-2026,2025-10-16,3,ACTE(VGP),65 ans et plus,183420
2025-2026,2025-10-16,3,DOSES(J07E1),65 ans et plus,322470
2025-2026,2025-10-16,3,ACTE(VGP),moins de 65 ans,53143
2025-2026,2025-10-16,3,DOSES(J07E1),moins de 65 ans,87840
2025-2026,2025-10-17,4,ACTE(VGP),65 ans et plus,166503
2025-2026,2025-10-17,4,DOSES(J07E1),65 ans et plus,288450
2025-2026,2025-10-17,4,ACTE(VGP),moins de 65 ans,58247
2025-2026,2025-10-17,4,DOSES(J07E1),moins de 65 ans,91692
2025-2026,2025-10-18,5,ACTE(VGP),65 ans et plus,50583
2025-2026,2025-10-18,5,DOSES(J07E1),65 ans et plus,108912
2025-2026,2025-10-18,5,ACTE(VGP),moins de 65 ans,35162
2025-2026,2025-10-18,5,DOSES(J07E1),moins de 65 ans,56498
2025-2026,2025-10-19,6,ACTE(VGP),65 ans et plus,574
2025-2026,2025-10-19,6,DOSES(J07E1),65 ans et plus,1469
2025-2026,2025-10-19,6,ACTE(VGP),moins de 65 ans,544
2025-2026,2025-10-19,6,DOSES(J07E1),moins de 65 ans,827
2025-2026,2025-10-20,7,ACTE(VGP),65 ans et plus,153663
2025-2026,2025-10-20,7,DOSES(J07E1),65 ans et plus,256040
2025-2026,2025-10-20,7,ACTE(VGP),moins de 65 ans,47559
2025-2026,2025-10-20,7,DOSES(J07E1),moins de 65 ans,77061
2025-2026,2025-10-21,8,ACTE(VGP),65 ans et plus,183017
2025-2026,2025-10-21,8,DOSES(J07E1),65 ans et plus,298467
2025-2026,2025-10-21,8,ACTE(VGP),moins de 65 ans,50347
2025-2026,2025-10-21,8,DOSES(J07E1),moins de 65 ans,80808
2025-2026,2025-10-22,9,ACTE(VGP),65 ans et plus,141902
2025-2026,2025-10-22,9,DOSES(J07E1),65 ans et plus,238752
2025-2026,2025-10-22,9,ACTE(VGP),moins de 65 ans,43565
2025-2026,2025-10-22,9,DOSES(J07E1),moins de 65 ans,70987
2025-2026,2025-10-23,10,ACTE(VGP),65 ans et plus,121829
2025-2026,2025-10-23,10,DOSES(J07E1),65 ans et plus,203494
2025-2026,2025-10-23,10,ACTE(VGP),moins de 65 ans,39005
2025-2026,2025-10-23,10,DOSES(J07E1),moins de 65 ans,63264
2025-2026,2025-10-24,11,ACTE(VGP),65 ans et plus,139582
2025-2026,2025-10-24,11,DOSES(J07E1),65 ans et plus,230030
2025-2026,2025-10-24,11,ACTE(VGP),moins de 65 ans,50074
2025-2026,2025-10-24,11,DOSES(J07E1),moins de 65 ans,76188
2025-2026,2025-10-25,12,ACTE(VGP),65 ans et plus,41941
2025-2026,2025-10-25,12,DOSES(J07E1),65 ans et plus,87586
2025-2026,2025-10-25,12,ACTE(VGP),moins de 65 ans,28847
2025-2026,2025-10-25,12,DOSES(J07E1),moins de 65 ans,46416
2025-2026,2025-10-26,13,ACTE(VGP),65 ans et plus,512
2025-2026,2025-10-26,13,DOSES(J07E1),65 ans et plus,779
2025-2026,2025-10-26,13,ACTE(VGP),moins de 65 ans,408
2025-2026,2025-10-26,13,DOSES(J07E1),moins de 65 ans,661
2025-2026,2025-10-27,14,ACTE(VGP),65 ans et plus,148887
2025-2026,2025-10-27,14,DOSES(J07E1),65 ans et plus,235028
2025-2026,2025-10-27,14,ACTE(VGP),moins de 65 ans,47601
2025-2026,2025-10-27,14,DOSES(J07E1),moins de 65 ans,75787
2025-2026,2025-10-28,15,ACTE(VGP),65 ans et plus,169485
2025-2026,2025-10-28,15,DOSES(J07E1),65 ans et plus,264634
2025-2026,2025-10-28,15,ACTE(VGP),moins de 65 ans,48270
2025-2026,2025-10-28,15,DOSES(J07E1),moins de 65 ans,77080
2025-2026,2025-10-29,16,ACTE(VGP),65 ans et plus,130153
2025-2026,2025-10-29,16,DOSES(J07E1),65 ans et plus,209565
2025-2026,2025-10-29,16,ACTE(VGP),moins de 65 ans,42088
2025-2026,2025-10-29,16,DOSES(J07E1),moins de 65 ans,68442
2025-2026,2025-10-30,17,ACTE(VGP),65 ans et plus,134452
2025-2026,2025-10-30,17,DOSES(J07E1),65 ans et plus,212962
2025-2026,2025-10-30,17,ACTE(VGP),moins de 65 ans,43677
2025-2026,2025-10-30,17,DOSES(J07E1),moins de 65 ans,69873
2025-2026,2025-10-31,18,ACTE(VGP),65 ans et plus,125057
2025-2026,2025-10-31,18,DOSES(J07E1),65 ans et plus,198504
2025-2026,2025-10-31,18,ACTE(VGP),moins de 65 ans,51518
2025-2026,2025-10-31,18,DOSES(J07E1),moins de 65 ans,78190
2025-2026,2025-11-01,19,ACTE(VGP),65 ans et plus,1201
2025-2026,2025-11-01,19,DOSES(J07E1),65 ans et plus,2399
2025-2026,2025-11-01,19,ACTE(VGP),moins de 65 ans,1296
2025-2026,2025-11-01,19,DOSES(J07E1),moins de 65 ans,2411
2025-2026,2025-11-02,20,ACTE(VGP),65 ans et plus,455
2025-2026,2025-11-02,20,DOSES(J07E1),65 ans et plus,830
2025-2026,2025-11-02,20,ACTE(VGP),moins de 65 ans,492
2025-2026,2025-11-02,20,DOSES(J07E1),moins de 65 ans,825
2025-2026,2025-11-03,21,ACTE(VGP),65 ans et plus,178979
2025-2026,2025-11-03,21,DOSES(J07E1),65 ans et plus,272712
2025-2026,2025-11-03,21,ACTE(VGP),moins de 65 ans,49966
2025-2026,2025-11-03,21,DOSES(J07E1),moins de 65 ans,80481
2025-2026,2025-11-04,22,ACTE(VGP),65 ans et plus,197402
2025-2026,2025-11-04,22,DOSES(J07E1),65 ans et plus,288695
2025-2026,2025-11-04,22,ACTE(VGP),moins de 65 ans,48518
2025-2026,2025-11-04,22,DOSES(J07E1),moins de 65 ans,77180
2025-2026,2025-11-05,23,ACTE(VGP),65 ans et plus,147793
2025-2026,2025-11-05,23,DOSES(J07E1),65 ans et plus,220897
2025-2026,2025-11-05,23,ACTE(VGP),moins de 65 ans,42651
2025-2026,2025-11-05,23,DOSES(J07E1),moins de 65 ans,69453
2025-2026,2025-11-06,24,ACTE(VGP),65 ans et plus,152805
2025-2026,2025-11-06,24,DOSES(J07E1),65 ans et plus,222391
2025-2026,2025-11-06,24,ACTE(VGP),moins de 65 ans,39488
2025-2026,2025-11-06,24,DOSES(J07E1),moins de 65 ans,62917
2025-2026,2025-11-07,25,ACTE(VGP),65 ans et plus,157266
2025-2026,2025-11-07,25,DOSES(J07E1),65 ans et plus,224972
2025-2026,2025-11-07,25,ACTE(VGP),moins de 65 ans,52230
2025-2026,2025-11-07,25,DOSES(J07E1),moins de 65 ans,78354
2025-2026,2025-11-08,26,ACTE(VGP),65 ans et plus,43818
2025-2026,2025-11-08,26,DOSES(J07E1),65 ans et plus,77538
2025-2026,2025-11-08,26,ACTE(VGP),moins de 65 ans,33091
2025-2026,2025-11-08,26,DOSES(J07E1),moins de 65 ans,50752
2025-2026,2025-11-09,27,ACTE(VGP),65 ans et plus,342
2025-2026,2025-11-09,27,DOSES(J07E1),65 ans et plus,682
2025-2026,2025-11-09,27,ACTE(VGP),moins de 65 ans,351
2025-2026,2025-11-09,27,DOSES(J07E1),moins de 65 ans,771
2025-2026,2025-11-10,28,ACTE(VGP),65 ans et plus,140956
2025-2026,2025-11-10,28,DOSES(J07E1),65 ans et plus,200703
2025-2026,2025-11-10,28,ACTE(VGP),moins de 65 ans,51736
2025-2026,2025-11-10,28,DOSES(J07E1),moins de 65 ans,76631
2025-2026,2025-11-11,29,ACTE(VGP),65 ans et plus,730
2025-2026,2025-11-11,29,DOSES(J07E1),65 ans et plus,1529
2025-2026,2025-11-11,29,ACTE(VGP),moins de 65 ans,611
2025-2026,2025-11-11,29,DOSES(J07E1),moins de 65 ans,1036
2025-2026,2025-11-12,30,ACTE(VGP),65 ans et plus,157646
2025-2026,2025-11-12,30,DOSES(J07E1),65 ans et plus,223599
2025-2026,2025-11-12,30,ACTE(VGP),moins de 65 ans,41528
2025-2026,2025-11-12,30,DOSES(J07E1),moins de 65 ans,65623
2025-2026,2025-11-13,31,ACTE(VGP),65 ans et plus,153830
2025-2026,2025-11-13,31,DOSES(J07E1),65 ans et plus,208994
2025-2026,2025-11-13,31,ACTE(VGP),moins de 65 ans,37780
2025-2026,2025-11-13,31,DOSES(J07E1),moins de 65 ans,57945
2025-2026,2025-11-14,32,ACTE(VGP),65 ans et plus,145135
2025-2026,2025-11-14,32,DOSES(J07E1),65 ans et plus,193056
2025-2026,2025-11-14,32,ACTE(VGP),moins de 65 ans,45357
2025-2026,2025-11-14,32,DOSES(J07E1),moins de 65 ans,65016
2025-2026,2025-11-15,33,ACTE(VGP),65 ans et plus,39028
2025-2026,2025-11-15,33,DOSES(J07E1),65 ans et plus,62834
2025-2026,2025-11-15,33,ACTE(VGP),moins de 65 ans,29330
2025-2026,2025-11-15,33,DOSES(J07E1),moins de 65 ans,43627
2025-2026,2025-11-16,34,ACTE(VGP),65 ans et plus,317
2025-2026,2025-11-16,34,DOSES(J07E1),65 ans et plus,581
2025-2026,2025-11-16,34,ACTE(VGP),moins de 65 ans,307
2025-2026,2025-11-16,34,DOSES(J07E1),moins de 65 ans,562
2025-2026,2025-11-17,35,ACTE(VGP),65 ans et plus,132434
2025-2026,2025-11-17,35,DOSES(J07E1),65 ans et plus,176032
2025-2026,2025-11-17,35,ACTE(VGP),moins de 65 ans,35947
2025-2026,2025-11-17,35,DOSES(J07E1),moins de 65 ans,54031
2025-2026,2025-11-18,36,ACTE(VGP),65 ans et plus,149116
2025-2026,2025-11-18,36,DOSES(J07E1),65 ans et plus,194219
2025-2026,2025-11-18,36,ACTE(VGP),moins de 65 ans,37390
2025-2026,2025-11-18,36,DOSES(J07E1),moins de 65 ans,55762
2025-2026,2025-11-19,37,ACTE(VGP),65 ans et plus,106463
2025-2026,2025-11-19,37,DOSES(J07E1),65 ans et plus,142509
2025-2026,2025-11-19,37,ACTE(VGP),moins de 65 ans,32596
2025-2026,2025-11-19,37,DOSES(J07E1),moins de 65 ans,49690
2025-2026,2025-11-20,38,ACTE(VGP),65 ans et plus,108773
2025-2026,2025-11-20,38,DOSES(J07E1),65 ans et plus,143697
2025-2026,2025-11-20,38,ACTE(VGP),moins de 65 ans,30730
2025-2026,2025-11-20,38,DOSES(J07E1),moins de 65 ans,46339
2025-2026,2025-11-21,39,ACTE(VGP),65 ans et plus,98541
2025-2026,2025-11-21,39,DOSES(J07E1),65 ans et plus,129452
2025-2026,2025-11-21,39,ACTE(VGP),moins de 65 ans,36957
2025-2026,2025-11-21,39,DOSES(J07E1),moins de 65 ans,53022
2025-2026,2025-11-22,40,ACTE(VGP),65 ans et plus,28184
2025-2026,2025-11-22,40,DOSES(J07E1),65 ans et plus,44709
2025-2026,2025-11-22,40,ACTE(VGP),moins de 65 ans,25429
2025-2026,2025-11-22,40,DOSES(J07E1),moins de 65 ans,36502
2025-2026,2025-11-23,41,ACTE(VGP),65 ans et plus,260
2025-2026,2025-11-23,41,DOSES(J07E1),65 ans et plus,402
2025-2026,2025-11-23,41,ACTE(VGP),moins de 65 ans,261
2025-2026,2025-11-23,41,DOSES(J07E1),moins de 65 ans,400
2025-2026,2025-11-24,42,ACTE(VGP),65 ans et plus,94801
2025-2026,2025-11-24,42,DOSES(J07E1),65 ans et plus,122417
2025-2026,2025-11-24,42,ACTE(VGP),moins de 65 ans,30734
2025-2026,2025-11-24,42,DOSES(J07E1),moins de 65 ans,45430
2025-2026,2025-11-25,43,ACTE(VGP),65 ans et plus,99508
2025-2026,2025-11-25,43,DOSES(J07E1),65 ans et plus,127791
2025-2026,2025-11-25,43,ACTE(VGP),moins de 65 ans,29016
2025-2026,2025-11-25,43,DOSES(J07E1),moins de 65 ans,43265
2025-2026,2025-11-26,44,ACTE(VGP),65 ans et plus,72257
2025-2026,2025-11-26,44,DOSES(J07E1),65 ans et plus,94901
2025-2026,2025-11-26,44,ACTE(VGP),moins de 65 ans,26036
2025-2026,2025-11-26,44,DOSES(J07E1),moins de 65 ans,39616
2025-2026,2025-11-27,45,ACTE(VGP),65 ans et plus,80358
2025-2026,2025-11-27,45,DOSES(J07E1),65 ans et plus,103691
2025-2026,2025-11-27,45,ACTE(VGP),moins de 65 ans,25910
2025-2026,2025-11-27,45,DOSES(J07E1),moins de 65 ans,38328
2025-2026,2025-11-28,46,ACTE(VGP),65 ans et plus,77886
2025-2026,2025-11-28,46,DOSES(J07E1),65 ans et plus,97929
2025-2026,2025-11-28,46,ACTE(VGP),moins de 65 ans,32008
2025-2026,2025-11-28,46,DOSES(J07E1),moins de 65 ans,44720
2025-2026,2025-11-29,47,ACTE(VGP),65 ans et plus,34044
2025-2026,2025-11-29,47,DOSES(J07E1),65 ans et plus,49535
2025-2026,2025-11-29,47,ACTE(VGP),moins de 65 ans,26685
2025-2026,2025-11-29,47,DOSES(J07E1),moins de 65 ans,38283
2025-2026,2025-11-30,48,ACTE(VGP),65 ans et plus,271
2025-2026,2025-11-30,48,DOSES(J07E1),65 ans et plus,438
2025-2026,2025-11-30,48,ACTE(VGP),moins de 65 ans,381
2025-2026,2025-11-30,48,DOSES(J07E1),moins de 65 ans,630
2025-2026,2025-12-01,49,ACTE(VGP),65 ans et plus,100893
2025-2026,2025-12-01,49,DOSES(J07E1),65 ans et plus,126308
2025-2026,2025-12-01,49,ACTE(VGP),moins de 65 ans,35061
2025-2026,2025-12-01,49,DOSES(J07E1),moins de 65 ans,49346
2025-2026,2025-12-02,50,ACTE(VGP),65 ans et plus,86467
2025-2026,2025-12-02,50,DOSES(J07E1),65 ans et plus,107944
2025-2026,2025-12-02,50,ACTE(VGP),moins de 65 ans,30101
2025-2026,2025-12-02,50,DOSES(J07E1),moins de 65 ans,43026
2025-2026,2025-12-03,51,ACTE(VGP),65 ans et plus,55461
2025-2026,2025-12-03,51,DOSES(J07E1),65 ans et plus,71017
2025-2026,2025-12-03,51,ACTE(VGP),moins de 65 ans,25589
2025-2026,2025-12-03,51,DOSES(J07E1),moins de 65 ans,36583
2025-2026,2025-12-04,52,ACTE(VGP),65 ans et plus,69696
2025-2026,2025-12-04,52,DOSES(J07E1),65 ans et plus,86219
2025-2026,2025-12-04,52,ACTE(VGP),moins de 65 ans,29180
2025-2026,2025-12-04,52,DOSES(J07E1),moins de 65 ans,40340
2025-2026,2025-12-05,53,ACTE(VGP),65 ans et plus,65042
2025-2026,2025-12-05,53,DOSES(J07E1),65 ans et plus,80477
2025-2026,2025-12-05,53,ACTE(VGP),moins de 65 ans,33457
2025-2026,2025-12-05,53,DOSES(J07E1),moins de 65 ans,45217
2025-2026,2025-12-06,54,ACTE(VGP),65 ans et plus,19505
2025-2026,2025-12-06,54,DOSES(J07E1),65 ans et plus,27062
2025-2026,2025-12-06,54,ACTE(VGP),moins de 65 ans,21993
2025-2026,2025-12-06,54,DOSES(J07E1),moins de 65 ans,29317
2025-2026,2025-12-07,55,ACTE(VGP),65 ans et plus,183
2025-2026,2025-12-07,55,DOSES(J07E1),65 ans et plus,362
2025-2026,2025-12-07,55,ACTE(VGP),moins de 65 ans,235
2025-2026,2025-12-07,55,DOSES(J07E1),moins de 65 ans,375
2025-2026,2025-12-08,56,ACTE(VGP),65 ans et plus,45401
2025-2026,2025-12-08,56,DOSES(J07E1),65 ans et plus,54975
2025-2026,2025-12-08,56,ACTE(VGP),moins de 65 ans,23688
2025-2026,2025-12-08,56,DOSES(J07E1),moins de 65 ans,33038
2025-2026,2025-12-09,57,ACTE(VGP),65 ans et plus,43172
2025-2026,2025-12-09,57,DOSES(J07E1),65 ans et plus,53394
2025-2026,2025-12-09,57,ACTE(VGP),moins de 65 ans,21997
2025-2026,2025-12-09,57,DOSES(J07E1),moins de 65 ans,30562
2025-2026,2025-12-10,58,ACTE(VGP),65 ans et plus,32070
2025-2026,2025-12-10,58,DOSES(J07E1),65 ans et plus,40547
2025-2026,2025-12-10,58,ACTE(VGP),moins de 65 ans,20873
2025-2026,2025-12-10,58,DOSES(J07E1),moins de 65 ans,29234
2025-2026,2025-12-11,59,ACTE(VGP),65 ans et plus,37816
2025-2026,2025-12-11,59,DOSES(J07E1),65 ans et plus,46654
2025-2026,2025-12-11,59,ACTE(VGP),moins de 65 ans,21249
2025-2026,2025-12-11,59,DOSES(J07E1),moins de 65 ans,28994
2025-2026,2025-12-12,60,ACTE(VGP),65 ans et plus,46197
2025-2026,2025-12-12,60,DOSES(J07E1),65 ans et plus,56148
2025-2026,2025-12-12,60,ACTE(VGP),moins de 65 ans,29641
2025-2026,2025-12-12,60,DOSES(J07E1),moins de 65 ans,39054
2025-2026,2025-12-13,61,ACTE(VGP),65 ans et plus,20149
2025-2026,2025-12-13,61,DOSES(J07E1),65 ans et plus,25913
2025-2026,2025-12-13,61,ACTE(VGP),moins de 65 ans,23238
2025-2026,2025-12-13,61,DOSES(J07E1),moins de 65 ans,30298
2025-2026,2025-12-14,62,ACTE(VGP),65 ans et plus,225
2025-2026,2025-12-14,62,DOSES(J07E1),65 ans et plus,240
2025-2026,2025-12-14,62,ACTE(VGP),moins de 65 ans,419
2025-2026,2025-12-14,62,DOSES(J07E1),moins de 65 ans,589
2025-2026,2025-12-15,63,ACTE(VGP),65 ans et plus,38491
2025-2026,2025-12-15,63,DOSES(J07E1),65 ans et plus,46706
2025-2026,2025-12-15,63,ACTE(VGP),moins de 65 ans,25559
2025-2026,2025-12-15,63,DOSES(J07E1),moins de 65 ans,34357
2025-2026,2025-12-16,64,ACTE(VGP),65 ans et plus,38812
2025-2026,2025-12-16,64,DOSES(J07E1),65 ans et plus,47325
2025-2026,2025-12-16,64,ACTE(VGP),moins de 65 ans,24059
2025-2026,2025-12-16,64,DOSES(J07E1),moins de 65 ans,33131
2025-2026,2025-12-17,65,ACTE(VGP),65 ans et plus,26565
2025-2026,2025-12-17,65,DOSES(J07E1),65 ans et plus,33017
2025-2026,2025-12-17,65,ACTE(VGP),moins de 65 ans,20350
2025-2026,2025-12-17,65,DOSES(J07E1),moins de 65 ans,27864
2025-2026,2025-12-18,66,ACTE(VGP),65 ans et plus,29033
2025-2026,2025-12-18,66,DOSES(J07E1),65 ans et plus,35406
2025-2026,2025-12-18,66,ACTE(VGP),moins de 65 ans,21528
2025-2026,2025-12-18,66,DOSES(J07E1),moins de 65 ans,28665
2025-2026,2025-12-19,67,ACTE(VGP),65 ans et plus,26890
2025-2026,2025-12-19,67,DOSES(J07E1),65 ans et plus,32666
2025-2026,2025-12-19,67,ACTE(VGP),moins de 65 ans,25150
2025-2026,2025-12-19,67,DOSES(J07E1),moins de 65 ans,32625
2025-2026,2025-12-20,68,ACTE(VGP),65 ans et plus,11471
2025-2026,2025-12-20,68,DOSES(J07E1),65 ans et plus,14751
2025-2026,2025-12-20,68,ACTE(VGP),moins de 65 ans,17513
2025-2026,2025-12-20,68,DOSES(J07E1),moins de 65 ans,22901
2025-2026,2025-12-21,69,ACTE(VGP),65 ans et plus,172
2025-2026,2025-12-21,69,DOSES(J07E1),65 ans et plus,193
2025-2026,2025-12-21,69,ACTE(VGP),moins de 65 ans,356
2025-2026,2025-12-21,69,DOSES(J07E1),moins de 65 ans,575
2025-2026,2025-12-22,70,ACTE(VGP),65 ans et plus,22736
2025-2026,2025-12-22,70,DOSES(J07E1),65 ans et plus,27958
2025-2026,2025-12-22,70,ACTE(VGP),moins de 65 ans,21044
2025-2026,2025-12-22,70,DOSES(J07E1),moins de 65 ans,27832
2025-2026,2025-12-23,71,ACTE(VGP),65 ans et plus,15819
2025-2026,2025-12-23,71,DOSES(J07E1),65 ans et plus,20030
2025-2026,2025-12-23,71,ACTE(VGP),moins de 65 ans,15196
2025-2026,2025-12-23,71,DOSES(J07E1),moins de 65 ans,20395
2025-2026,2025-12-24,72,ACTE(VGP),65 ans et plus,5077
2025-2026,2025-12-24,72,DOSES(J07E1),65 ans et plus,7066
2025-2026,2025-12-24,72,ACTE(VGP),moins de 65 ans,6221
2025-2026,2025-12-24,72,DOSES(J07E1),moins de 65 ans,9283
2025-2026,2025-12-25,73,ACTE(VGP),65 ans et plus,84
2025-2026,2025-12-25,73,DOSES(J07E1),65 ans et plus,173
2025-2026,2025-12-25,73,ACTE(VGP),moins de 65 ans,85
2025-2026,2025-12-25,73,DOSES(J07E1),moins de 65 ans,133
2025-2026,2025-12-26,74,ACTE(VGP),65 ans et plus,9832
2025-2026,2025-12-26,74,DOSES(J07E1),65 ans et plus,12334
2025-2026,2025-12-26,74,ACTE(VGP),moins de 65 ans,10478
2025-2026,2025-12-26,74,DOSES(J07E1),moins de 65 ans,14156
2025-2026,2025-12-27,75,ACTE(VGP),65 ans et plus,6505
2025-2026,2025-12-27,75,DOSES(J07E1),65 ans et plus,8155
2025-2026,2025-12-27,75,ACTE(VGP),moins de 65 ans,7365
2025-2026,2025-12-27,75,DOSES(J07E1),moins de 65 ans,9785
2025-2026,2025-12-28,76,ACTE(VGP),65 ans et plus,56
2025-2026,2025-12-28,76,DOSES(J07E1),65 ans et plus,81
2025-2026,2025-12-28,76,ACTE(VGP),moins de 65 ans,107
2025-2026,2025-12-28,76,DOSES(J07E1),moins de 65 ans,181
2025-2026,2025-12-29,77,ACTE(VGP),65 ans et plus,8800
2025-2026,2025-12-29,77,DOSES(J07E1),65 ans et plus,11042
2025-2026,2025-12-29,77,ACTE(VGP),moins de 65 ans,9350
2025-2026,2025-12-29,77,DOSES(J07E1),moins de 65 ans,12915
2025-2026,2025-12-30,78,ACTE(VGP),65 ans et plus,7788
2025-2026,2025-12-30,78,DOSES(J07E1),65 ans et plus,9850
2025-2026,2025-12-30,78,ACTE(VGP),moins de 65 ans,8145
2025-2026,2025-12-30,78,DOSES(J07E1),moins de 65 ans,11077
2025-2026,2025-12-31,79,ACTE(VGP),65 ans et plus,3501
2025-2026,2025-12-31,79,DOSES(J07E1),65 ans et plus,4659
2025-2026,2025-12-31,79,ACTE(VGP),moins de 65 ans,4166
2025-2026,2025-12-31,79,DOSES(J07E1),moins de 65 ans,6197
2025-2026,2026-01-01,80,ACTE(VGP),65 ans et plus,17
2025-2026,2026-01-01,80,DOSES(J07E1),65 ans et plus,49
2025-2026,2026-01-01,80,ACTE(VGP),moins de 65 ans,65
2025-2026,2026-01-01,80,DOSES(J07E1),moins de 65 ans,84
2025-2026,2026-01-02,81,ACTE(VGP),65 ans et plus,4994
2025-2026,2026-01-02,81,DOSES(J07E1),65 ans et plus,6350
2025-2026,2026-01-02,81,ACTE(VGP),moins de 65 ans,6170
2025-2026,2026-01-02,81,DOSES(J07E1),moins de 65 ans,8354
2025-2026,2026-01-03,82,ACTE(VGP),65 ans et plus,2355
2025-2026,2026-01-03,82,DOSES(J07E1),65 ans et plus,3042
2025-2026,2026-01-03,82,ACTE(VGP),moins de 65 ans,3732
2025-2026,2026-01-03,82,DOSES(J07E1),moins de 65 ans,4830
2025-2026,2026-01-04,83,ACTE(VGP),65 ans et plus,55
2025-2026,2026-01-04,83,DOSES(J07E1),65 ans et plus,49
2025-2026,2026-01-04,83,ACTE(VGP),moins de 65 ans,65
2025-2026,2026-01-04,83,DOSES(J07E1),moins de 65 ans,114
2025-2026,2026-01-05,84,ACTE(VGP),65 ans et plus,4366
2025-2026,2026-01-05,84,DOSES(J07E1),65 ans et plus,5204
2025-2026,2026-01-05,84,ACTE(VGP),moins de 65 ans,4518
2025-2026,2026-01-05,84,DOSES(J07E1),moins de 65 ans,6366
2025-2026,2026-01-06,85,ACTE(VGP),65 ans et plus,4041
2025-2026,2026-01-06,85,DOSES(J07E1),65 ans et plus,4966
2025-2026,2026-01-06,85,ACTE(VGP),moins de 65 ans,4168
2025-2026,2026-01-06,85,DOSES(J07E1),moins de 65 ans,5859
2025-2026,2026-01-07,86,ACTE(VGP),65 ans et plus,2857
2025-2026,2026-01-07,86,DOSES(J07E1),65 ans et plus,3676
2025-2026,2026-01-07,86,ACTE(VGP),moins de 65 ans,3323
2025-2026,2026-01-07,86,DOSES(J07E1),moins de 65 ans,4584
2025-2026,2026-01-08,87,ACTE(VGP),65 ans et plus,3534
2025-2026,2026-01-08,87,DOSES(J07E1),65 ans et plus,4319
2025-2026,2026-01-08,87,ACTE(VGP),moins de 65 ans,3238
2025-2026,2026-01-08,87,DOSES(J07E1),moins de 65 ans,4753
2025-2026,2026-01-09,88,ACTE(VGP),65 ans et plus,3229
2025-2026,2026-01-09,88,DOSES(J07E1),65 ans et plus,3970
2025-2026,2026-01-09,88,ACTE(VGP),moins de 65 ans,3297
2025-2026,2026-01-09,88,DOSES(J07E1),moins de 65 ans,4669
2025-2026,2026-01-10,89,ACTE(VGP),65 ans et plus,1493
2025-2026,2026-01-10,89,DOSES(J07E1),65 ans et plus,1953
2025-2026,2026-01-10,89,ACTE(VGP),moins de 65 ans,2202
2025-2026,2026-01-10,89,DOSES(J07E1),moins de 65 ans,3037
2025-2026,2026-01-11,90,ACTE(VGP),65 ans et plus,38
2025-2026,2026-01-11,90,DOSES(J07E1),65 ans et plus,24
2025-2026,2026-01-11,90,ACTE(VGP),moins de 65 ans,56
2025-2026,2026-01-11,90,DOSES(J07E1),moins de 65 ans,119
2025-2026,2026-01-12,91,ACTE(VGP),65 ans et plus,2659
2025-2026,2026-01-12,91,DOSES(J07E1),65 ans et plus,3334
2025-2026,2026-01-12,91,ACTE(VGP),moins de 65 ans,2490
2025-2026,2026-01-12,91,DOSES(J07E1),moins de 65 ans,3924
2025-2026,2026-01-13,92,ACTE(VGP),65 ans et plus,2954
2025-2026,2026-01-13,92,DOSES(J07E1),65 ans et plus,3533
2025-2026,2026-01-13,92,ACTE(VGP),moins de 65 ans,2267
2025-2026,2026-01-13,92,DOSES(J07E1),moins de 65 ans,3513
2025-2026,2026-01-14,93,ACTE(VGP),65 ans et plus,2169
2025-2026,2026-01-14,93,DOSES(J07E1),65 ans et plus,3064
2025-2026,2026-01-14,93,ACTE(VGP),moins de 65 ans,2052
2025-2026,2026-01-14,93,DOSES(J07E1),moins de 65 ans,3312
2025-2026,2026-01-15,94,ACTE(VGP),65 ans et plus,2279
2025-2026,2026-01-15,94,DOSES(J07E1),65 ans et plus,3287
2025-2026,2026-01-15,94,ACTE(VGP),moins de 65 ans,2004
2025-2026,2026-01-15,94,DOSES(J07E1),moins de 65 ans,3016
2025-2026,2026-01-16,95,ACTE(VGP),65 ans et plus,1979
2025-2026,2026-01-16,95,DOSES(J07E1),65 ans et plus,2787
2025-2026,2026-01-16,95,ACTE(VGP),moins de 65 ans,2041
2025-2026,2026-01-16,95,DOSES(J07E1),moins de 65 ans,2910
2025-2026,2026-01-17,96,ACTE(VGP),65 ans et plus,908
2025-2026,2026-01-17,96,DOSES(J07E1),65 ans et plus,1636
2025-2026,2026-01-17,96,ACTE(VGP),moins de 65 ans,1426
2025-2026,2026-01-17,96,DOSES(J07E1),moins de 65 ans,1966
2025-2026,2026-01-18,97,ACTE(VGP),65 ans et plus,16
2025-2026,2026-01-18,97,DOSES(J07E1),65 ans et plus,11
2025-2026,2026-01-18,97,ACTE(VGP),moins de 65 ans,57
2025-2026,2026-01-18,97,DOSES(J07E1),moins de 65 ans,48
2025-2026,2026-01-19,98,ACTE(VGP),65 ans et plus,1742
2025-2026,2026-01-19,98,DOSES(J07E1),65 ans et plus,2505
2025-2026,2026-01-19,98,ACTE(VGP),moins de 65 ans,1787
2025-2026,2026-01-19,98,DOSES(J07E1),moins de 65 ans,2718
2025-2026,2026-01-20,99,ACTE(VGP),65 ans et plus,1761
2025-2026,2026-01-20,99,DOSES(J07E1),65 ans et plus,2446
2025-2026,2026-01-20,99,ACTE(VGP),moins de 65 ans,1581
2025-2026,2026-01-20,99,DOSES(J07E1),moins de 65 ans,2371
2025-2026,2026-01-21,100,ACTE(VGP),65 ans et plus,1427
2025-2026,2026-01-21,100,DOSES(J07E1),65 ans et plus,1924
2025-2026,2026-01-21,100,ACTE(VGP),moins de 65 ans,1425
2025-2026,2026-01-21,100,DOSES(J07E1),moins de 65 ans,2190
2025-2026,2026-01-22,101,ACTE(VGP),65 ans et plus,1449
2025-2026,2026-01-22,101,DOSES(J07E1),65 ans et plus,2416
2025-2026,2026-01-22,101,ACTE(VGP),moins de 65 ans,1387
2025-2026,2026-01-22,101,DOSES(J07E1),moins de 65 ans,2106
2025-2026,2026-01-23,102,ACTE(VGP),65 ans et plus,1370
2025-2026,2026-01-23,102,DOSES(J07E1),65 ans et plus,1607
2025-2026,2026-01-23,102,ACTE(VGP),moins de 65 ans,1466
2025-2026,2026-01-23,102,DOSES(J07E1),moins de 65 ans,2111
2025-2026,2026-01-24,103,ACTE(VGP),65 ans et plus,575
2025-2026,2026-01-24,103,DOSES(J07E1),65 ans et plus,662
2025-2026,2026-01-24,103,ACTE(VGP),moins de 65 ans,1039
2025-2026,2026-01-24,103,DOSES(J07E1),moins de 65 ans,1420
2025-2026,2026-01-25,104,ACTE(VGP),65 ans et plus,26
2025-2026,2026-01-25,104,DOSES(J07E1),65 ans et plus,91
2025-2026,2026-01-25,104,ACTE(VGP),moins de 65 ans,13
2025-2026,2026-01-25,104,DOSES(J07E1),moins de 65 ans,27
2025-2026,2026-01-26,105,ACTE(VGP),65 ans et plus,1070
2025-2026,2026-01-26,105,DOSES(J07E1),65 ans et plus,1809
2025-2026,2026-01-26,105,ACTE(VGP),moins de 65 ans,1191
2025-2026,2026-01-26,105,DOSES(J07E1),moins de 65 ans,1981
2025-2026,2026-01-27,106,ACTE(VGP),65 ans et plus,1310
2025-2026,2026-01-27,106,DOSES(J07E1),65 ans et plus,1322
2025-2026,2026-01-27,106,ACTE(VGP),moins de 65 ans,1198
2025-2026,2026-01-27,106,DOSES(J07E1),moins de 65 ans,1798
2025-2026,2026-01-28,107,ACTE(VGP),65 ans et plus,1212
2025-2026,2026-01-28,107,DOSES(J07E1),65 ans et plus,1518
2025-2026,2026-01-28,107,ACTE(VGP),moins de 65 ans,1238
2025-2026,2026-01-28,107,DOSES(J07E1),moins de 65 ans,1845
2025-2026,2026-01-29,108,ACTE(VGP),65 ans et plus,1189
2025-2026,2026-01-29,108,DOSES(J07E1),65 ans et plus,1823
2025-2026,2026-01-29,108,ACTE(VGP),moins de 65 ans,1061
2025-2026,2026-01-29,108,DOSES(J07E1),moins de 65 ans,1680
2025-2026,2026-01-30,109,ACTE(VGP),65 ans et plus,1320
2025-2026,2026-01-30,109,DOSES(J07E1),65 ans et plus,1741
2025-2026,2026-01-30,109,ACTE(VGP),moins de 65 ans,1282
2025-2026,2026-01-30,109,DOSES(J07E1),moins de 65 ans,1910
2025-2026,2026-01-31,110,ACTE(VGP),65 ans et plus,575
2025-2026,2026-01-31,110,DOSES(J07E1),65 ans et plus,1196
2025-2026,2026-01-31,110,ACTE(VGP),moins de 65 ans,820
2025-2026,2026-01-31,110,DOSES(J07E1),moins de 65 ans,1205
2025-2026,2026-02-01,111,ACTE(VGP),65 ans et plus,16
2025-2026,2026-02-01,111,DOSES(J07E1),65 ans et plus,8
2025-2026,2026-02-01,111,ACTE(VGP),moins de 65 ans,22
2025-2026,2026-02-01,111,DOSES(J07E1),moins de 65 ans,35
2025-2026,2026-02-02,112,ACTE(VGP),65 ans et plus,626
2025-2026,2026-02-02,112,DOSES(J07E1),65 ans et plus,869
2025-2026,2026-02-02,112,ACTE(VGP),moins de 65 ans,668
2025-2026,2026-02-02,112,DOSES(J07E1),moins de 65 ans,1226
2025-2026,2026-02-03,113,ACTE(VGP),65 ans et plus,623
2025-2026,2026-02-03,113,DOSES(J07E1),65 ans et plus,699
2025-2026,2026-02-03,113,ACTE(VGP),moins de 65 ans,630
2025-2026,2026-02-03,113,DOSES(J07E1),moins de 65 ans,907
2025-2026,2026-02-04,114,ACTE(VGP),65 ans et plus,516
2025-2026,2026-02-04,114,DOSES(J07E1),65 ans et plus,783
2025-2026,2026-02-04,114,ACTE(VGP),moins de 65 ans,615
2025-2026,2026-02-04,114,DOSES(J07E1),moins de 65 ans,843
2025-2026,2026-02-05,115,ACTE(VGP),65 ans et plus,529
2025-2026,2026-02-05,115,DOSES(J07E1),65 ans et plus,569
2025-2026,2026-02-05,115,ACTE(VGP),moins de 65 ans,557
2025-2026,2026-02-05,115,DOSES(J07E1),moins de 65 ans,790
2025-2026,2026-02-06,116,ACTE(VGP),65 ans et plus,501
2025-2026,2026-02-06,116,DOSES(J07E1),65 ans et plus,446
2025-2026,2026-02-06,116,ACTE(VGP),moins de 65 ans,577
2025-2026,2026-02-06,116,DOSES(J07E1),moins de 65 ans,804
2025-2026,2026-02-07,117,ACTE(VGP),65 ans et plus,200
2025-2026,2026-02-07,117,DOSES(J07E1),65 ans et plus,248
2025-2026,2026-02-07,117,ACTE(VGP),moins de 65 ans,387
2025-2026,2026-02-07,117,DOSES(J07E1),moins de 65 ans,494
2025-2026,2026-02-08,118,ACTE(VGP),65 ans et plus,30
2025-2026,2026-02-08,118,DOSES(J07E1),65 ans et plus,11
2025-2026,2026-02-08,118,ACTE(VGP),moins de 65 ans,15
2025-2026,2026-02-08,118,DOSES(J07E1),moins de 65 ans,18
2025-2026,2026-02-09,119,ACTE(VGP),65 ans et plus,461
2025-2026,2026-02-09,119,DOSES(J07E1),65 ans et plus,358
2025-2026,2026-02-09,119,ACTE(VGP),moins de 65 ans,540
2025-2026,2026-02-09,119,DOSES(J07E1),moins de 65 ans,717
2025-2026,2026-02-10,120,ACTE(VGP),65 ans et plus,544
2025-2026,2026-02-10,120,DOSES(J07E1),65 ans et plus,362
2025-2026,2026-02-10,120,ACTE(VGP),moins de 65 ans,481
2025-2026,2026-02-10,120,DOSES(J07E1),moins de 65 ans,592
2025-2026,2026-02-11,121,ACTE(VGP),65 ans et plus,400
2025-2026,2026-02-11,121,DOSES(J07E1),65 ans et plus,464
2025-2026,2026-02-11,121,ACTE(VGP),moins de 65 ans,388
2025-2026,2026-02-11,121,DOSES(J07E1),moins de 65 ans,585
2025-2026,2026-02-12,122,ACTE(VGP),65 ans et plus,386
2025-2026,2026-02-12,122,DOSES(J07E1),65 ans et plus,346
2025-2026,2026-02-12,122,ACTE(VGP),moins de 65 ans,440
2025-2026,2026-02-12,122,DOSES(J07E1),moins de 65 ans,553
2025-2026,2026-02-13,123,ACTE(VGP),65 ans et plus,435
2025-2026,2026-02-13,123,DOSES(J07E1),65 ans et plus,433
2025-2026,2026-02-13,123,ACTE(VGP),moins de 65 ans,470
2025-2026,2026-02-13,123,DOSES(J07E1),moins de 65 ans,490
2025-2026,2026-02-14,124,ACTE(VGP),65 ans et plus,137
2025-2026,2026-02-14,124,DOSES(J07E1),65 ans et plus,103
2025-2026,2026-02-14,124,ACTE(VGP),moins de 65 ans,298
2025-2026,2026-02-14,124,DOSES(J07E1),moins de 65 ans,341
2025-2026,2026-02-15,125,ACTE(VGP),65 ans et plus,7
2025-2026,2026-02-15,125,DOSES(J07E1),65 ans et plus,3
2025-2026,2026-02-15,125,ACTE(VGP),moins de 65 ans,3
2025-2026,2026-02-15,125,DOSES(J07E1),moins de 65 ans,6
2025-2026,2026-02-16,126,ACTE(VGP),65 ans et plus,330
2025-2026,2026-02-16,126,DOSES(J07E1),65 ans et plus,411
2025-2026,2026-02-16,126,ACTE(VGP),moins de 65 ans,405
2025-2026,2026-02-16,126,DOSES(J07E1),moins de 65 ans,562
2025-2026,2026-02-17,127,ACTE(VGP),65 ans et plus,298
2025-2026,2026-02-17,127,DOSES(J07E1),65 ans et plus,345
2025-2026,2026-02-17,127,ACTE(VGP),moins de 65 ans,342
2025-2026,2026-02-17,127,DOSES(J07E1),moins de 65 ans,519
2025-2026,2026-02-18,128,ACTE(VGP),65 ans et plus,301
2025-2026,2026-02-18,128,DOSES(J07E1),65 ans et plus,276
2025-2026,2026-02-18,128,ACTE(VGP),moins de 65 ans,360
2025-2026,2026-02-18,128,DOSES(J07E1),moins de 65 ans,537
2025-2026,2026-02-19,129,ACTE(VGP),65 ans et plus,355
2025-2026,2026-02-19,129,DOSES(J07E1),65 ans et plus,171
2025-2026,2026-02-19,129,ACTE(VGP),moins de 65 ans,290
2025-2026,2026-02-19,129,DOSES(J07E1),moins de 65 ans,408
2025-2026,2026-02-20,130,ACTE(VGP),65 ans et plus,325
2025-2026,2026-02-20,130,DOSES(J07E1),65 ans et plus,227
2025-2026,2026-02-20,130,ACTE(VGP),moins de 65 ans,344
2025-2026,2026-02-20,130,DOSES(J07E1),moins de 65 ans,476
2025-2026,2026-02-21,131,ACTE(VGP),65 ans et plus,145
2025-2026,2026-02-21,131,DOSES(J07E1),65 ans et plus,138
2025-2026,2026-02-21,131,ACTE(VGP),moins de 65 ans,188
2025-2026,2026-02-21,131,DOSES(J07E1),moins de 65 ans,302
2025-2026,2026-02-22,132,ACTE(VGP),65 ans et plus,15
2025-2026,2026-02-22,132,DOSES(J07E1),65 ans et plus,4
2025-2026,2026-02-22,132,ACTE(VGP),moins de 65 ans,23
2025-2026,2026-02-22,132,DOSES(J07E1),moins de 65 ans,26
2025-2026,2026-02-23,133,ACTE(VGP),65 ans et plus,309
2025-2026,2026-02-23,133,DOSES(J07E1),65 ans et plus,148
2025-2026,2026-02-23,133,ACTE(VGP),moins de 65 ans,309
2025-2026,2026-02-23,133,DOSES(J07E1),moins de 65 ans,369
2025-2026,2026-02-24,134,ACTE(VGP),65 ans et plus,348
2025-2026,2026-02-24,134,DOSES(J07E1),65 ans et plus,178
2025-2026,2026-02-24,134,ACTE(VGP),moins de 65 ans,266
2025-2026,2026-02-24,134,DOSES(J07E1),moins de 65 ans,291
2025-2026,2026-02-25,135,ACTE(VGP),65 ans et plus,141
2025-2026,2026-02-25,135,DOSES(J07E1),65 ans et plus,68
2025-2026,2026-02-25,135,ACTE(VGP),moins de 65 ans,87
2025-2026,2026-02-25,135,DOSES(J07E1),moins de 65 ans,107
